{"cameraMode":{"drawMode":2,"name":"Shaded Wireframe","section":"Shading Mode"},"sceneLighting":false,"audioPlay":false,"sceneViewState":{"showFog":true,"showMaterialUpdate":false,"showSkybox":false,"showFlares":true,"showImageEffects":true,"showParticleSystems":true},"in2DMode":false,"pivot":{"x":208.50006103515626,"y":24.370027542114259,"z":0.000001430511474609375},"rotation":{"x":-0.15120689570903779,"y":-0.019309870898723604,"z":0.0029481088276952507,"w":-0.9883676767349243},"size":197.5391845703125,"orthographic":false}