{"cameraMode":{"drawMode":0,"name":"Shaded","section":"Shading Mode"},"sceneLighting":true,"audioPlay":false,"sceneViewState":{"showFog":true,"showMaterialUpdate":false,"showSkybox":true,"showFlares":true,"showImageEffects":true,"showParticleSystems":true},"in2DMode":false,"pivot":{"x":1.0,"y":0.8616238236427307,"z":-1.0953316688537598},"rotation":{"x":-0.19676914811134339,"y":0.7245375514030457,"z":-0.23043231666088105,"w":-0.6192839741706848},"size":2.5868470668792726,"orthographic":false}