{"cameraMode":{"drawMode":0,"name":"Shaded","section":"Shading Mode"},"sceneLighting":true,"audioPlay":false,"sceneViewState":{"showFog":true,"showMaterialUpdate":false,"showSkybox":true,"showFlares":true,"showImageEffects":true,"showParticleSystems":true},"in2DMode":false,"pivot":{"x":-0.10445821285247803,"y":0.31942427158355715,"z":-0.14980632066726685},"rotation":{"x":0.18306447565555573,"y":-0.3938792943954468,"z":0.08044926822185517,"w":0.8972023129463196},"size":1.8641290664672852,"orthographic":false}