{"cameraMode":{"drawMode":0,"name":"Shaded","section":"Shading Mode"},"sceneLighting":false,"audioPlay":false,"sceneViewState":{"showFog":true,"showMaterialUpdate":false,"showSkybox":false,"showFlares":true,"showImageEffects":true,"showParticleSystems":true},"in2DMode":false,"pivot":{"x":97.10311126708985,"y":62.307926177978519,"z":0.3159494400024414},"rotation":{"x":0.019787022843956949,"y":-0.0401715487241745,"z":0.0009250694420188665,"w":0.9990307092666626},"size":14.586837768554688,"orthographic":false}