{"cameraMode":{"drawMode":0,"name":"Shaded","section":"Shading Mode"},"sceneLighting":true,"audioPlay":false,"sceneViewState":{"showFog":true,"showMaterialUpdate":false,"showSkybox":true,"showFlares":true,"showImageEffects":true,"showParticleSystems":true},"in2DMode":false,"pivot":{"x":1.5448778867721558,"y":0.5292168259620667,"z":1.821731686592102},"rotation":{"x":0.2962401509284973,"y":-0.4084356129169464,"z":0.142282634973526,"w":0.8517520427703857},"size":8.367526054382325,"orthographic":false}