{"cameraMode":{"drawMode":0,"name":"Shaded","section":"Shading Mode"},"sceneLighting":true,"audioPlay":false,"sceneViewState":{"showFog":true,"showMaterialUpdate":false,"showSkybox":false,"showFlares":true,"showImageEffects":true,"showParticleSystems":true},"in2DMode":false,"pivot":{"x":0.0,"y":-0.14699995517730714,"z":-0.2849999666213989},"rotation":{"x":0.19131717085838319,"y":0.37739744782447817,"z":-0.07985629886388779,"w":0.9026572704315186},"size":2.397512435913086,"orthographic":false}