{"cameraMode":{"drawMode":0,"name":"Shaded","section":"Shading Mode"},"sceneLighting":true,"audioPlay":false,"sceneViewState":{"showFog":true,"showMaterialUpdate":false,"showSkybox":false,"showFlares":true,"showImageEffects":true,"showParticleSystems":true},"in2DMode":false,"pivot":{"x":1.2306150197982789,"y":2.416656494140625,"z":-1.0828770399093629},"rotation":{"x":-0.3251304626464844,"y":0.49711769819259646,"z":-0.20814776420593263,"w":-0.7771886587142944},"size":1.3857123851776124,"orthographic":false}