{"cameraMode":{"drawMode":2,"name":"Shaded Wireframe","section":"Shading Mode"},"sceneLighting":false,"audioPlay":false,"sceneViewState":{"showFog":true,"showMaterialUpdate":false,"showSkybox":false,"showFlares":true,"showImageEffects":true,"showParticleSystems":true},"in2DMode":false,"pivot":{"x":5.53000020980835,"y":3.2100000381469728,"z":7.360000133514404},"rotation":{"x":0.19502189755439759,"y":0.4330260753631592,"z":-0.09644480049610138,"w":0.874789297580719},"size":2.1815664768218996,"orthographic":false}