{"cameraMode":{"drawMode":0,"name":"Shaded","section":"Shading Mode"},"sceneLighting":true,"audioPlay":false,"sceneViewState":{"showFog":true,"showMaterialUpdate":false,"showSkybox":true,"showFlares":true,"showImageEffects":true,"showParticleSystems":true},"in2DMode":false,"pivot":{"x":-0.12877655029296876,"y":1.3946590423583985,"z":16.006927490234376},"rotation":{"x":0.3832175135612488,"y":0.3196592330932617,"z":-0.14330676198005677,"w":0.8546664714813232},"size":7.321780681610107,"orthographic":false}