{"cameraMode":{"drawMode":0,"name":"Shaded","section":"Shading Mode"},"sceneLighting":false,"audioPlay":false,"sceneViewState":{"showFog":true,"showMaterialUpdate":false,"showSkybox":false,"showFlares":true,"showImageEffects":true,"showParticleSystems":true},"in2DMode":false,"pivot":{"x":15.560342788696289,"y":3.8399999141693117,"z":2.319999933242798},"rotation":{"x":0.12576821446418763,"y":0.22012218832969666,"z":-0.0284921582788229,"w":0.9669550657272339},"size":10.0,"orthographic":false}