{"cameraMode":{"drawMode":0,"name":"Shaded","section":"Shading Mode"},"sceneLighting":false,"audioPlay":false,"sceneViewState":{"showFog":true,"showMaterialUpdate":false,"showSkybox":false,"showFlares":true,"showImageEffects":true,"showParticleSystems":true},"in2DMode":false,"pivot":{"x":187.35589599609376,"y":65.97781372070313,"z":-4.017486572265625},"rotation":{"x":0.15831030905246736,"y":0.0654619112610817,"z":-0.010310080833733082,"w":0.9852225184440613},"size":110.12640380859375,"orthographic":false}